{
  "model": "hierarchical_gru_det",
  "rmse": 2.1349951608661186,
  "mae": 1.0166718736383789,
  "mape": 63.78007181308656,
  "r2": 0.6560935104378061,
  "w_rmse": 0.026465681870778905,
  "w_mae": 7.291373044051958e-05
}