{
  "model": "baseline_gru_prob",
  "rmse": 2.209789991378784,
  "mae": 1.0595113039016724,
  "mape": 56.96893310546875,
  "r2": 0.6315754018890938,
  "w_rmse": 0.029989473521709442,
  "w_mae": 7.911973079899326e-05,
  "crps": 0.775284566243754,
  "coverage_95": 0.9486869231129644,
  "interval_width": 4.232759475708008
}