{
  "model": "hierarchical_wquantile_gru",
  "rmse": 2.2296087741851807,
  "mae": 0.9586835503578186,
  "mape": 66.95008087158203,
  "r2": 0.6249372424576725,
  "w_rmse": 0.02849479764699936,
  "w_mae": 7.466549141099676e-05,
  "crps": 0.3530663879612907,
  "coverage_95": 0.9304842337066017,
  "interval_width": 4.854777812957764
}