{
  "model": "baseline_gru_det",
  "rmse": 2.1530463695526123,
  "mae": 1.0531162023544312,
  "mape": 55.83121109008789,
  "r2": 0.6502535532854286,
  "w_rmse": 0.027647607028484344,
  "w_mae": 7.558510696981102e-05
}