{
  "model": "baseline_gru_det",
  "rmse": 2.1274207853448956,
  "mae": 1.0412799901985572,
  "mape": 59.58161811740468,
  "r2": 0.6585293531511405,
  "w_rmse": 0.026412829263315105,
  "w_mae": 7.37351811251164e-05
}