{
  "model": "baseline_quantile_gru",
  "rmse": 2.216157862325284,
  "mae": 0.9615334175719094,
  "mape": 72.36913420681313,
  "r2": 0.629449019203395,
  "w_rmse": 0.027493335740347177,
  "w_mae": 7.320598341049671e-05,
  "crps": 0.38168436151183455,
  "coverage_95": 0.8848802886192194,
  "interval_width": 3.441258192062378
}