{
  "model": "hierarchical_wquantile_gru",
  "rmse": 2.2439805058641946,
  "mae": 0.9626473314880293,
  "mape": 70.78570657338406,
  "r2": 0.6200864874225935,
  "w_rmse": 0.028048801388755443,
  "w_mae": 7.429566625722758e-05,
  "crps": 0.379123797355343,
  "coverage_95": 0.8276448952818254,
  "interval_width": 3.444007396697998
}