{
  "model": "hierarchical_gru_prob",
  "rmse": 2.33244252204895,
  "mae": 1.1628456115722656,
  "mape": 63.79466247558594,
  "r2": 0.589542253710947,
  "w_rmse": 5.618940830230713,
  "w_mae": 2.58290433883667,
  "wspl": 0.5102277536480739,
  "crps": 1.450153062800833,
  "coverage_error_50pct": 0.169723,
  "coverage_error_80pct": 0.096208,
  "coverage_error_90pct": 0.029366,
  "coverage_error_95pct": 0.002728,
  "coverage_95": 0.9527280607224852,
  "interval_width": 4.526344299316406,
  "quantile_crps": 0.4218001711215516
}