{
  "model": "hierarchical_gru_prob",
  "rmse": 2.2094373518236154,
  "mae": 1.0514294548972778,
  "mape": 60.02162201251362,
  "r2": 0.6316930072230386,
  "w_rmse": 0.029504356599033305,
  "w_mae": 7.832111635973407e-05,
  "crps": 0.7768538800650028,
  "coverage_95": 0.9114323197301223,
  "interval_width": 3.4242601758409577
}