{
  "model": "baseline_gru_nb",
  "rmse": 2.2112271785736084,
  "mae": 1.0481295585632324,
  "mape": 56.35671615600586,
  "r2": 0.6310960319204679,
  "w_rmse": 0.03463791683316231,
  "w_mae": 8.040396642172709e-05,
  "coverage_95": 0.785032563369723,
  "interval_width": 15.556281089782715,
  "crps": 1.8996389355617065
}