{
  "model": "hierarchical_gru_det",
  "rmse": 2.130305051803589,
  "mae": 1.0466820001602173,
  "mape": 55.62519836425781,
  "r2": 0.6576028249355987,
  "w_rmse": 0.02713313139975071,
  "w_mae": 7.401361654046923e-05
}