{
  "model": "hierarchical_quantile_gru",
  "rmse": 2.2185120582580566,
  "mae": 0.9543740749359131,
  "mape": 67.55281066894531,
  "r2": 0.6286613353355652,
  "w_rmse": 0.027281753718852997,
  "w_mae": 7.251398346852511e-05,
  "crps": 0.35110465422996245,
  "coverage_95": 0.9514489528182543,
  "interval_width": 4.806446552276611
}