{
  "model": "hierarchical_gru_prob",
  "rmse": 2.1737494468688965,
  "mae": 1.0590325593948364,
  "mape": 56.88564682006836,
  "r2": 0.6434950708209088,
  "w_rmse": 0.029134104028344154,
  "w_mae": 7.752073724986985e-05,
  "crps": 0.7717866584106221,
  "coverage_95": 0.9463032375954645,
  "interval_width": 3.9796864986419678
}