{
  "model": "baseline_gru_nb",
  "rmse": 2.2279131801815804,
  "mae": 1.0448325837858627,
  "mape": 55.997866838972996,
  "r2": 0.6255075153936391,
  "w_rmse": 0.035647366990308404,
  "w_mae": 8.098151845407077e-05,
  "coverage_95": 0.3431640350466195,
  "interval_width": 62.67140579223633,
  "crps": 14.92885389012422
}