{
  "model": "hierarchical_gru_nb",
  "rmse": 2.1794855038300356,
  "mae": 1.025661204015311,
  "mape": 58.855022054398056,
  "r2": 0.6416110996550533,
  "w_rmse": 0.031965403953974694,
  "w_mae": 7.724284446314243e-05,
  "coverage_95": 0.5037670430586141,
  "interval_width": 47.020729064941406,
  "crps": 12.767166214617317
}