{
  "model": "hierarchical_quantile_gru",
  "rmse": 2.224851349760497,
  "mae": 0.959489594847813,
  "mape": 72.25224619455662,
  "r2": 0.6265361412674972,
  "w_rmse": 0.02707861320194653,
  "w_mae": 7.232305240501085e-05,
  "crps": 0.38178294296927573,
  "coverage_95": 0.8908365740523825,
  "interval_width": 3.343430995941162
}