{
  "model": "baseline_quantile_gru",
  "rmse": 2.2388250827789307,
  "mae": 0.9628878831863403,
  "mape": 68.19966888427734,
  "r2": 0.6218300978677416,
  "w_rmse": 0.028871048241853714,
  "w_mae": 7.496547914342955e-05,
  "crps": 0.354492064382346,
  "coverage_95": 0.9528287963266645,
  "interval_width": 4.945690155029297
}