{
  "model": "baseline_wquantile_gru",
  "rmse": 2.230039593572772,
  "mae": 0.9607011441955352,
  "mape": 70.2738338801884,
  "r2": 0.6247923117092475,
  "w_rmse": 0.02852558641583357,
  "w_mae": 7.3908562015249e-05,
  "crps": 0.38131775029361437,
  "coverage_95": 0.8762381108560183,
  "interval_width": 3.442464828491211
}