{
  "model": "baseline_gru_prob",
  "rmse": 2.2959180159571693,
  "mae": 1.0687136957772645,
  "mape": 57.439642220089596,
  "r2": 0.6022965732838761,
  "w_rmse": 0.035182997514273257,
  "w_mae": 8.569422934189434e-05,
  "crps": 0.7789416107598492,
  "coverage_95": 0.9128461322213373,
  "interval_width": 3.5295031029305584
}