{
    "epoch_metrics": [
        {
            "epoch": 1,
            "train_loss": 0.6241722004645672,
            "val_loss": 0.5178514122962952,
            "val_rmse": 0.7196189165115356,
            "val_mae": 0.3488386869430542
        },
        {
            "epoch": 2,
            "train_loss": 0.5939392805068906,
            "val_loss": 0.5246945023536682,
            "val_rmse": 0.7243580222129822,
            "val_mae": 0.33221814036369324
        },
        {
            "epoch": 3,
            "train_loss": 0.5886645175693356,
            "val_loss": 0.5317988991737366,
            "val_rmse": 0.7292454242706299,
            "val_mae": 0.3583056330680847
        }
    ]
}