model,wspl,crps,coverage_error_50pct,coverage_error_80pct,coverage_error_90pct,coverage_error_95pct,rmse,mae,mape,r2,w_rmse,w_mae,coverage_95,interval_width,quantile_crps
hierarchical_lstm,0.398068,1.001548,0.217042,0.081527,0.045434,0.024039,2.012987,0.915437,69.807640,0.694277,4.222696,2.049880,0.974039,4.808372,0.337767
lstm_baseline,0.511896,1.716849,0.158664,0.008300,-0.000121,-0.010491,2.699431,1.038684,70.171982,0.450217,7.899473,3.116329,0.939509,3.893459,0.407293
regular_gru,0.404784,1.024855,0.158313,0.051270,0.024487,0.021159,2.039597,0.934377,66.986504,0.686140,4.410944,2.092625,0.971159,4.626956,0.343688
hierarchical_quantile_gru,0.410739,1.029074,-0.255546,-0.079329,-0.045325,0.005324,2.005654,0.962556,62.599903,0.696500,4.477470,2.104139,0.955324,4.913537,0.349971
hierarchical_prob_gru,0.458800,1.168364,0.325628,0.150793,0.073160,0.032960,2.057857,1.042511,59.326542,0.680496,4.381142,2.173875,0.982960,5.620143,0.394740
tft,0.561633,1.231681,0.159186,0.023956,0.016232,0.000789,2.358519,1.013893,76.717880,0.580313,5.204723,2.471183,0.950789,4.640566,0.383345
LightGBM_NN_Hybrid,0.466740,1.648881,0.244066,0.105836,0.053416,0.028400,2.792085,1.044877,65.297508,0.411828,8.513669,3.432895,0.978400,4.993591,0.383839
