{
    "sell_price": {
        "mean": 5.289621353149414,
        "std": 4.635867605672607
    },
    "sales_lag_7": {
        "mean": 1.934203863143921,
        "std": 4.4959716896875
    },
    "sales_lag_28": {
        "mean": 1.9325895309448242,
        "std": 4.507506857381592
    },
    "sales_roll_mean_7": {
        "mean": 1.9327681064605713,
        "std": 3.2757680516107177
    },
    "sales_roll_mean_28": {
        "mean": 1.9323023557662964,
        "std": 3.0916290383203124
    },
    "sales": {
        "mean": 1.932368278503418,
        "std": 4.488410959707031
    }
}