{
  "model": "baseline_wquantile_gru",
  "rmse": 2.2688844203948975,
  "mae": 0.9709699749946594,
  "mape": 69.6215591430664,
  "r2": 0.611607058821658,
  "w_rmse": 0.030374836176633835,
  "w_mae": 7.66237499192357e-05,
  "crps": 0.35681606109178077,
  "coverage_95": 0.9169610645176405,
  "interval_width": 4.894906520843506
}