{
  "model": "hierarchical_gru_nb",
  "rmse": 2.270909309387207,
  "mae": 1.046625018119812,
  "mape": 56.39107894897461,
  "r2": 0.6109134891090201,
  "w_rmse": 0.038891248404979706,
  "w_mae": 8.491260814480484e-05,
  "coverage_95": 0.8315044745349763,
  "interval_width": 13.613218307495117,
  "crps": 1.5182141097362194
}